{"cameraMode":{"drawMode":0,"name":"Shaded","section":"Shading Mode"},"sceneLighting":true,"audioPlay":false,"sceneViewState":{"m_AlwaysRefresh":false,"showFog":true,"showSkybox":true,"showFlares":true,"showImageEffects":true,"showParticleSystems":true,"showVisualEffectGraphs":true,"m_FxEnabled":true},"in2DMode":false,"pivot":{"x":2.7268123626708986,"y":-3.5473732948303224,"z":2.9557747840881349},"rotation":{"x":0.27069517970085146,"y":0.2227143496274948,"z":-0.06452929228544235,"w":0.9343357682228088},"size":7.233342170715332,"orthographic":false}